NPC ID,SpEffect ID,Name,HP,Standard,Slash,Strike,Pierce,Magic,Fire,Lightning,Holy,Poison,Rot,Blood,Frost,Sleep,Madness,Death Blight,Poise
47101038,7120,"Rykard, Lord of Blasphemy",59174.304,0.9,0.9,0.65,0.9,0.6,0.2,0.8,0.6,556.92,556.92,556.92,247.52,556.92,IMMUNE,IMMUNE,120
47601050,7140,Fire Giant,43263.296,1,1.1,1,1,1,0.5,1,0.8,565.74,565.74,565.74,1216.79,565.74,IMMUNE,IMMUNE,120
47100038,7120,God-Devouring Serpent,30439.696,0.9,0.9,0.65,0.9,0.6,0.2,0.8,0.6,556.92,556.92,556.92,247.52,556.92,IMMUNE,IMMUNE,120
45200072,7170,Dragonlord Placidusax,26651.754,0.65,0.65,0.65,0.9,0.6,0.6,0.6,0.6,1349.58,1349.58,1349.58,1349.58,IMMUNE,IMMUNE,IMMUNE,160
35600972,7140,Godskin Duo,26350.445,1,1.1,0.9,1,0.8,0.6,0.8,0.6,345.73,345.73,251.44,345.73,251.44,IMMUNE,IMMUNE,80
49110052,7180,Great Wyrm Theodorix,25649.883,0.9,0.65,0.9,0.9,0.6,0.2,0.6,0.6,653.94,653.94,653.94,1406.49,290.64,IMMUNE,IMMUNE,120
45010040,7110,Decaying Ekzykes,23731.125,1.4,1.4,1.4,1.1,1.4,2,1.4,1.4,1188.606,1188.606,245.616,245.616,IMMUNE,IMMUNE,IMMUNE,120
22000078,7170,Elden Beast,22127.58,0.9,0.9,0.9,0.9,0.6,0.6,0.6,0.2,IMMUNE,IMMUNE,IMMUNE,IMMUNE,IMMUNE,IMMUNE,IMMUNE,150
47210070,7160,"Godfrey, First Elden Lord (Leyndell, Ashen Capital)",21903.75,1,1.1,1,1,1,1,1,0.6,367.29,367.29,601.02,601.02,1292.67,IMMUNE,IMMUNE,120
47210070,7160,"Hoarah Loux, Warrior",21903.75,1,1.1,1,1,1,1,1,0.6,367.29,367.29,601.02,601.02,1292.67,IMMUNE,IMMUNE,120
46200952,7160,"Astel, Stars of Darkness",18617.5,0.9,0.9,0.9,0.9,0.6,0.6,0.6,0.6,601.02,601.02,601.02,IMMUNE,IMMUNE,IMMUNE,IMMUNE,120
21200056,7200,"Malenia, Blade of Miquella",18473.358,0.9,0.9,0.9,0.9,0.8,1,0.8,0.6,1481.286,1481.286,420.882,306.096,688.716,IMMUNE,IMMUNE,80
21200056,7200,"Malenia, Goddess of Rot",18473.358,0.9,0.9,0.9,0.9,0.8,1,0.8,0.6,1481.286,1481.286,420.882,306.096,688.716,IMMUNE,IMMUNE,80
48000068,7180,"Mohg, Lord of Blood",18389.259,0.9,0.9,0.9,0.9,0.6,0.2,0.6,0.6,653.94,653.94,290.64,653.94,1406.49,IMMUNE,IMMUNE,110
46400942,7150,Putrid Tree Spirit,18144.544,1,1,1,1,0.8,1.2,0.8,0.6,1235.76,1235.76,574.56,255.36,IMMUNE,IMMUNE,IMMUNE,120
49801052,7180,Death Rite Bird (Apostate Derelict),17625.741,0.9,0.9,1.4,0.65,0.8,0.8,0.6,1.4,IMMUNE,653.94,IMMUNE,IMMUNE,IMMUNE,IMMUNE,IMMUNE,120
49801050,7140,Death Rite Bird (Snow Valley Ruins Overlook),16059.661,0.9,0.9,1.4,0.65,0.8,0.8,0.6,1.4,IMMUNE,565.74,IMMUNE,IMMUNE,IMMUNE,IMMUNE,IMMUNE,120
30500051,7130,Commander Niall,15541.656,0.9,0.65,0.9,1,0.8,0.8,0.8,0.8,343.112,343.112,343.112,343.112,343.112,IMMUNE,IMMUNE,90
48001935,7130,"Mohg, the Omen",14000.652,0.9,0.9,0.9,0.9,0.6,0.2,0.6,0.6,IMMUNE,IMMUNE,IMMUNE,IMMUNE,IMMUNE,IMMUNE,IMMUNE,110
35600042,7150,Godskin Apostle (Caelid),13596.704,1,1.1,0.9,1,0.8,0.6,0.8,0.6,351.12,351.12,255.36,351.12,255.36,IMMUNE,IMMUNE,80
32520054,7180,"Loretta, Knight of the Haligtree",13397.58,0.9,0.9,0.9,0.9,0.6,0.6,1,0.8,399.63,399.63,653.94,653.94,399.63,IMMUNE,IMMUNE,80
21900078,7170,Radagon of the Golden Order,13339.971,0.65,0.65,0.9,0.65,0.8,1,0.8,0.2,627.48,627.48,IMMUNE,627.48,IMMUNE,IMMUNE,IMMUNE,120
46400950,7120,Ulcerated Tree Spirit (Mountaintops of the Giants),13141.772,1,1,1,1,0.8,1.2,0.8,0.6,556.92,556.92,556.92,247.52,IMMUNE,IMMUNE,IMMUNE,120
46800032,7110,Full-Grown Fallingstar Beast,13010.25,0.65,0.65,0.65,0.65,0.8,0.8,0.8,0.8,552.636,552.636,IMMUNE,IMMUNE,IMMUNE,IMMUNE,IMMUNE,100
45110066,7110,Lichdragon Fortissax,12903,0.65,0.65,0.65,0.9,0.6,0.6,0.2,0.2,552.636,552.636,552.636,552.636,IMMUNE,IMMUNE,IMMUNE,140
48110052,7180,"Putrid Avatar (Ordina, Liturgical Town)",12569.235,0.9,0.9,1,0.9,0.8,2,0.8,0.6,IMMUNE,IMMUNE,IMMUNE,399.63,IMMUNE,IMMUNE,IMMUNE,120
47500030,7100,Godefroy the Grafted,12419.862,1,1,1,1,0.8,0.8,0.8,0.6,334.95,334.95,334.95,334.95,334.95,IMMUNE,IMMUNE,105
48110042,7170,Putrid Avatar (Dragonbarrow Fork),12297.015,0.9,0.9,1,0.9,0.8,2,0.8,0.6,IMMUNE,IMMUNE,IMMUNE,383.46,IMMUNE,IMMUNE,IMMUNE,120
47701242,7170,Black Blade Kindred (Caelid),12297.015,0.9,0.65,1,0.65,0.8,0.6,0.6,0.2,IMMUNE,IMMUNE,IMMUNE,IMMUNE,IMMUNE,IMMUNE,IMMUNE,110
49100032,7110,Magma Wyrm (Mt. Gelmir),12243,0.9,0.65,0.9,0.9,0.6,0,0.6,0.6,552.636,552.636,552.636,1188.606,245.616,IMMUNE,IMMUNE,120
35700950,7120,"Godskin Apostle, Godskin Noble, and Spiritcaller Snail - Godskin Noble (Spiritcaller Cave)",11814.516,1,1.1,0.65,1,0.8,0.6,0.8,0.6,IMMUNE,IMMUNE,IMMUNE,IMMUNE,247.52,IMMUNE,IMMUNE,80
45021922,7170,Glintstone Dragon Adula (Village of the Albinaurics),11550.033,0.65,0.65,0.65,0.9,0.2,0.6,0.6,0.6,627.48,627.48,627.48,627.48,IMMUNE,IMMUNE,IMMUNE,120
45000042,7170,Flying Dragon Greyll,11550.033,0.65,0.65,0.65,0.9,0.6,0.6,0.6,0.6,627.48,627.48,627.48,627.48,IMMUNE,IMMUNE,IMMUNE,120
48100150,7140,Erdtree Avatar (Snowvalley Ruins Overlook),11452.435,0.9,0.9,1,0.9,0.8,1.4,0.8,0.6,345.73,345.73,IMMUNE,251.44,IMMUNE,IMMUNE,IMMUNE,120
45030050,7160,Borealis the Freezing Fog,11268.125,0.65,0.2,0.9,0.2,0.6,0.6,0.6,0.6,601.02,601.02,601.02,1292.67,IMMUNE,IMMUNE,IMMUNE,120
46400032,7110,Ulcerated Tree Spirit (Mt. Gelmir),11191.125,1,1,1,1,0.8,1.2,0.8,0.6,552.636,552.636,552.636,245.616,IMMUNE,IMMUNE,IMMUNE,120
46200062,7110,"Astel, Naturalborn of the Void",11170.5,0.9,0.9,0.9,0.9,0.6,0.6,0.6,0.6,552.636,552.636,552.636,IMMUNE,IMMUNE,IMMUNE,IMMUNE,120
21100072,7150,Beast Clergyman,10620.544,0.65,0.65,0.65,0.65,0.6,0.6,0.6,0.2,351.12,351.12,574.56,574.56,IMMUNE,IMMUNE,IMMUNE,80
21101072,7150,"Maliketh, the Black Blade",10620.544,0.65,0.65,0.65,0.65,0.6,0.6,0.6,0.2,351.12,351.12,574.56,574.56,IMMUNE,IMMUNE,IMMUNE,80
31000042,7170,Bell Bearing Hunter (Caelid),10619.829,0.65,0.65,0.65,0.9,0.6,0.6,0.8,0.6,383.46,383.46,627.48,627.48,383.46,IMMUNE,IMMUNE,80
21300534,7110,"Morgott, the Omen King",10399.125,1,1.1,1,1,1,1,1,0.6,337.722,337.722,337.722,337.722,552.636,IMMUNE,IMMUNE,80
35700038,7110,Godskin Noble (Mt. Gelmir),10060.875,1,1.1,0.65,1,0.8,0.6,0.8,0.6,337.722,337.722,245.616,337.722,245.616,IMMUNE,IMMUNE,80
35600950,7120,"Godskin Apostle, Godskin Noble, and Spiritcaller Snail - Godskin Apostle (Spiritcaller Cave)",9847.852,1,1.1,0.9,1,0.8,0.6,0.8,0.6,IMMUNE,IMMUNE,IMMUNE,IMMUNE,247.52,IMMUNE,IMMUNE,80
47300040,7100,Starscourge Radahn,9572.255,0.9,0.9,0.9,1,0.8,0.8,0.8,0.6,334.95,243.6,334.95,334.95,548.1,IMMUNE,IMMUNE,200
523240070,19365,"Sir Gideon Ofnir, the All-Knowing",9312.204,1,1,1,1,1,1,1.25,1,114.5,114.5,114.5,114.5,IMMUNE,0,IMMUNE,100
30500140,7090,Commander O'Neil,9210.5,0.9,0.65,0.9,1,0.8,0.8,0.8,0.8,332.332,IMMUNE,332.332,332.332,332.332,IMMUNE,IMMUNE,90
523040050,19364,Roundtable Knight Vyke,9146.247,1,1,1,1,1,1,1.25,1,113.5,113.5,113.5,113.5,IMMUNE,0,IMMUNE,100
45102030,7120,Ancient Dragon Lansseax (Abandoned Coffin),9087.344,0.65,0.65,0.65,0.9,0.6,0.6,0.2,0.6,556.92,556.92,556.92,556.92,IMMUNE,IMMUNE,IMMUNE,120
45102030,7120,Ancient Dragon Lansseax (Rampartside Path),9087.344,0.65,0.65,0.65,0.9,0.6,0.6,0.2,0.6,556.92,556.92,556.92,556.92,IMMUNE,IMMUNE,IMMUNE,120
34000952,7160,Putrid Grave Warden Duelist,8800,1,1.1,1,1,1,1.2,1,1,601.02,1292.67,200.34,267.12,267.12,IMMUNE,IMMUNE,65
21002922,7150,"Alecto, Black Knife Ringleader",8741.216,0.9,0.9,0.9,0.65,0.8,0.8,0.8,0.6,IMMUNE,IMMUNE,IMMUNE,351.12,IMMUNE,IMMUNE,IMMUNE,80
49800033,7110,Deathbird (Altus Plateau),8575.875,0.9,0.9,1.4,0.65,0.8,0.8,0.6,1.4,IMMUNE,552.636,IMMUNE,IMMUNE,IMMUNE,IMMUNE,IMMUNE,120
47700250,7120,Black Blade Kindred (Forbidden Lands),8452.78,0.9,0.65,1,0.65,0.8,0.6,0.6,0.2,IMMUNE,IMMUNE,IMMUNE,IMMUNE,IMMUNE,IMMUNE,IMMUNE,110
32500033,7110,Draconic Tree Sentinel,8398.5,0.9,0.65,0.9,0.9,0.8,0.6,0.6,0.8,337.722,337.722,552.636,552.636,337.722,IMMUNE,IMMUNE,80
49801040,7090,Death Rite Bird (Caelid),7952.75,0.9,0.9,1.4,0.65,0.8,0.8,0.6,1.4,IMMUNE,543.816,IMMUNE,IMMUNE,IMMUNE,IMMUNE,IMMUNE,120
49500032,7110,Tibia Mariner (Altus Plateau),7911.75,0.9,0.9,1.4,0.65,0.8,0.8,0.6,1.4,IMMUNE,337.722,IMMUNE,IMMUNE,IMMUNE,IMMUNE,IMMUNE,80
21403050,7120,Fell Twin Duo - Fell Twin #1,7871.5,1,1.1,1,1,1,1,1,0.8,247.52,247.52,247.52,247.52,247.52,IMMUNE,IMMUNE,65
523860000,19363,"Esgar, Priest of Blood",7682.103,1,1,1,1,1,1,1.25,1,112.6,112.6,112.6,112.6,IMMUNE,0,IMMUNE,100
46500262,7130,Dragonkin Soldier (Lake of Rot),7655.664,0.9,1,0.9,0.9,0.8,0.8,0.6,0.8,561.456,IMMUNE,561.456,1207.576,IMMUNE,IMMUNE,IMMUNE,120
35600030,7100,Godskin Apostle (Altus Plateau),7528.199,1,1.1,0.9,1,0.8,0.6,0.8,0.6,334.95,334.95,243.6,334.95,243.6,IMMUNE,IMMUNE,80
31500052,7180,Night's Cavalry (Glaive),7246.218,0.65,0.65,0.65,0.9,0.6,0.6,0.8,0.6,399.63,399.63,653.94,653.94,IMMUNE,IMMUNE,IMMUNE,80
31501052,7180,Night's Cavalry (Flail),7246.218,0.65,0.65,0.65,0.9,0.6,0.6,0.8,0.6,399.63,399.63,653.94,653.94,IMMUNE,IMMUNE,IMMUNE,80
49100940,7070,Magma Wyrm (Caelid),7141.008,0.9,0.65,0.9,0.9,0.6,0.2,0.6,0.6,534.996,534.996,534.996,1150.666,237.776,IMMUNE,IMMUNE,120
49100026,7070,Magma Wyrm Makar,7141.008,0.9,0.65,0.9,0.9,0.6,0.2,0.6,0.6,534.996,534.996,534.996,1150.666,237.776,IMMUNE,IMMUNE,120
47200134,7110,"Godfrey, First Elden Lord (Leyndell, Royal Capital)",7099.125,0.9,0.9,0.9,1,0.8,0.8,1,0.6,IMMUNE,IMMUNE,IMMUNE,IMMUNE,552.636,IMMUNE,IMMUNE,120
31500042,7170,Night's Cavalry (Lenne's Rise),7089.282,0.65,0.65,0.65,0.9,0.6,0.6,0.8,0.6,383.46,383.46,627.48,627.48,IMMUNE,IMMUNE,IMMUNE,80
46801930,7100,Fallingstar Beast (Altus Plateau),7009.779,0.65,0.65,0.65,0.65,0.8,0.8,0.8,0.8,548.1,548.1,IMMUNE,IMMUNE,IMMUNE,IMMUNE,IMMUNE,100
71000950,7120,Ancient Hero of Zamor (Mountaintops of the Giants),6868.792,0.9,0.9,0.9,1,1,1.2,1.2,1,340.34,340.34,556.92,1197.82,247.52,IMMUNE,IMMUNE,80
31500050,7140,Night's Cavalry (Forbidden Lands),6602.378,0.65,0.65,0.65,0.9,0.6,0.6,0.8,0.6,345.73,345.73,565.74,565.74,IMMUNE,IMMUNE,IMMUNE,80
49801020,7080,Death Rite Bird (Liurnia),6577.536,0.9,0.9,1.4,0.65,0.8,0.8,0.6,1.4,IMMUNE,539.28,IMMUNE,IMMUNE,IMMUNE,IMMUNE,IMMUNE,120
21403150,7120,Fell Twin Duo - Fell Twin #2,6539.4,1,1.1,1,1,1,1,1,0.8,247.52,247.52,247.52,247.52,247.52,IMMUNE,IMMUNE,65
32510030,7100,"Tree Sentinel (Altus Plateau, Shield)",6461.735,0.9,0.65,0.9,0.9,0.8,0.6,1,0.6,334.95,334.95,548.1,548.1,334.95,IMMUNE,IMMUNE,80
46700065,7090,Regal Ancestor Spirit,6301.75,1,1.1,1,1,0.8,1.2,1,1.2,1169.636,1169.636,1169.636,1169.636,IMMUNE,IMMUNE,IMMUNE,120
31000033,7110,Bell Bearing Hunter (Altus Plateau),6216.375,0.65,0.65,0.65,0.9,0.6,0.6,0.8,0.6,337.722,337.722,552.636,552.636,337.722,IMMUNE,IMMUNE,80
46400007,7060,Ulcerated Tree Spirit (Limgrave),6147.658,1,1,1,1,0.8,1.2,0.8,0.6,530.46,530.46,530.46,235.76,IMMUNE,IMMUNE,IMMUNE,120
47500014,7040,Godrick the Grafted,6080.802,1,1,1,1,0.8,0.8,0.8,0.6,318.78,318.78,318.78,318.78,318.78,IMMUNE,IMMUNE,105
45020920,7100,Glintstone Dragon Smarag,6069.217,0.65,0.65,0.65,0.9,0.2,0.6,0.6,0.6,548.1,548.1,548.1,548.1,IMMUNE,IMMUNE,IMMUNE,120
46600910,7010,Guardian Golem,5974.276,0.9,0.9,1,0.9,0.8,0.6,0.6,0.6,IMMUNE,IMMUNE,IMMUNE,IMMUNE,IMMUNE,IMMUNE,IMMUNE,120
45800030,7100,Wormface,5876.661,1,1.1,1,1,1,1,1,0.6,334.95,334.95,334.95,334.95,334.95,IMMUNE,IMMUNE,80
46500265,7110,Dragonkin Soldier (Siofra River),5758.5,0.9,1,0.9,0.9,0.8,0.8,0.6,0.8,552.636,552.636,552.636,1188.606,IMMUNE,IMMUNE,IMMUNE,120
48110040,7090,Putrid Avatar (Smoldering Church),5671.25,0.9,0.9,1,0.9,0.8,2,0.8,0.6,IMMUNE,IMMUNE,IMMUNE,332.332,IMMUNE,IMMUNE,IMMUNE,120
47701165,7090,Valiant Gargoyle Duo - Valiant Gargoyle,5671.25,0.9,0.65,1,0.65,0.8,0.6,0.6,0.6,IMMUNE,IMMUNE,IMMUNE,IMMUNE,IMMUNE,IMMUNE,IMMUNE,110
47700165,7090,Valiant Gargoyle Duo - Valiant Gargoyle (Twinblade),5671.25,0.9,0.65,1,0.65,0.8,0.6,0.6,0.6,IMMUNE,IMMUNE,IMMUNE,IMMUNE,IMMUNE,IMMUNE,IMMUNE,110
49800020,7080,Deathbird (Liurnia),5588.352,0.9,0.9,1.4,0.65,0.8,0.8,0.6,1.4,IMMUNE,539.28,IMMUNE,IMMUNE,IMMUNE,IMMUNE,IMMUNE,120
32511030,7100,"Tree Sentinel (Altus Plateau, Torch)",5384.162,0.9,0.65,0.9,0.9,0.8,0.6,1,0.6,334.95,334.95,548.1,548.1,334.95,IMMUNE,IMMUNE,80
523760930,19360,Necromancer Garris,5222.217,1,1,1,1,1,1,1.25,1,109.7,109.7,109.7,109.7,IMMUNE,0,IMMUNE,100
44800930,7080,Omenkiller and Miranda the Blighted Bloom - Miranda the Blighted Bloom (Altus Plateau),5212.032,1,1.4,0.65,1,1,1.4,0.6,0.6,1159.88,539.28,539.28,134.82,239.68,IMMUNE,IMMUNE,100
49500020,7080,Tibia Mariner (Liurnia),5155.584,0.9,0.9,1.4,0.65,0.8,0.8,0.6,1.4,IMMUNE,329.56,IMMUNE,IMMUNE,IMMUNE,IMMUNE,IMMUNE,80
46010920,7080,"Bols, Carian Knight",5109.888,1,1.1,1,1,0.8,1,1,1,239.68,239.68,239.68,329.56,42.8,IMMUNE,IMMUNE,65
31000931,7090,Elemer of the Briar,4897.75,0.65,0.65,0.65,0.9,0.6,0.6,0.8,0.6,332.332,332.332,543.816,543.816,332.332,IMMUNE,IMMUNE,80
48100020,7080,Erdtree Avatar (Mausoleum Compound),4690.56,0.9,0.9,1,0.9,0.8,1.4,0.8,0.6,329.56,329.56,IMMUNE,239.68,IMMUNE,IMMUNE,IMMUNE,120
48100920,7080,Erdtree Avatar (Revenger's Shack),4690.56,0.9,0.9,1,0.9,0.8,1.4,0.8,0.6,329.56,329.56,IMMUNE,239.68,IMMUNE,IMMUNE,IMMUNE,120
25001066,7130,Crucible Knight Sirulia,4606.56,0.65,0.65,0.65,0.65,0.6,0.8,0.8,0.6,561.456,561.456,IMMUNE,561.456,561.456,IMMUNE,IMMUNE,80
34601952,7160,Misbegotten Crusader,4565,0.9,1,0.9,0.9,0.8,1,0.8,0.6,367.29,367.29,367.29,367.29,367.29,IMMUNE,IMMUNE,80
46801940,7070,Fallingstar Beast (Caelid),4554.558,0.65,0.65,0.65,0.65,0.8,0.8,0.8,0.8,534.996,534.996,IMMUNE,IMMUNE,IMMUNE,IMMUNE,IMMUNE,100
45021920,7080,Glintstone Dragon Adula (Ranni's Rise),4405.632,0.65,0.65,0.65,0.9,0.2,0.6,0.6,0.6,539.28,539.28,539.28,539.28,IMMUNE,IMMUNE,IMMUNE,120
46700964,7060,Ancestor Spirit,4393.774,1,1.1,1,1,0.8,1.2,1,1.2,1140.91,1140.91,1140.91,1140.91,IMMUNE,IMMUNE,IMMUNE,120
46500960,7050,Dragonkin Soldier of Nokstella,4372.767,0.9,1,0.9,0.9,0.8,0.8,0.6,0.8,526.176,526.176,526.176,1131.696,IMMUNE,IMMUNE,IMMUNE,120
32520921,7060,Royal Knight Loretta,4214.76,0.9,0.9,0.9,0.9,0.6,0.6,1,0.8,IMMUNE,IMMUNE,IMMUNE,IMMUNE,IMMUNE,IMMUNE,IMMUNE,80
21300014,7030,"Margit, the Fell Omen",4174.776,1,1.1,1,1,1,1,1,0.6,316.162,316.162,316.162,316.162,IMMUNE,IMMUNE,IMMUNE,80
39701942,7150,Beastman of Farum Azula Duo - Beastman of Farum Azula (Greatsword),4153.248,1,1.1,1,1,1,1.2,0.8,1,255.36,255.36,351.12,351.12,191.52,IMMUNE,IMMUNE,65
20310024,7070,"Rennala, Queen of the Full Moon (Phase 2)",4097.418,1.1,1.1,1,1.1,0.2,0.6,0.6,0.6,534.996,534.996,326.942,534.996,IMMUNE,IMMUNE,IMMUNE,80
31000020,7080,Bell Bearing Hunter (Liurnia),4050.816,0.65,0.65,0.65,0.9,0.6,0.6,0.8,0.6,329.56,329.56,539.28,539.28,329.56,IMMUNE,IMMUNE,80
41301932,7090,Demi-Human Queen Margot,3971.5,1,1.1,1,1,1,1.2,1,1,181.272,181.272,241.696,241.696,241.696,IMMUNE,IMMUNE,80
71000030,7080,Ancient Hero of Zamor (Altus Plateau),3811.584,0.9,0.9,0.9,1,1,1.2,1.2,1,329.56,329.56,539.28,1159.88,239.68,IMMUNE,IMMUNE,80
44701938,7080,Abductor Virgin Duo - Abductor Virgin (Wheel),3811.584,0.9,0.9,1,0.9,1,0.8,1.2,0.8,IMMUNE,IMMUNE,IMMUNE,IMMUNE,IMMUNE,IMMUNE,IMMUNE,65
44700938,7080,Abductor Virgin Duo - Abductor Virgin (Swinging Sickle),3811.584,0.9,0.9,1,0.9,1,0.8,1.2,0.8,IMMUNE,IMMUNE,IMMUNE,IMMUNE,IMMUNE,IMMUNE,IMMUNE,65
49800012,7040,Deathbird (Weeping Penisula),3769.227,0.9,0.9,1.4,0.65,0.8,0.8,0.6,1.4,IMMUNE,521.64,IMMUNE,IMMUNE,IMMUNE,IMMUNE,IMMUNE,120
523560020,19358,"Adan, Thief of Fire",3758.073,1,1,1,1,1,1,1.25,1,107.7,107.7,107.7,107.7,IMMUNE,0,IMMUNE,100
41300032,7110,Demi-Human Queen Maggie,3757.875,1,1.1,1,1,1,1.2,1,1,184.212,184.212,245.616,245.616,245.616,IMMUNE,IMMUNE,80
31501030,7100,Night's Cavalry (Altus Plateau),3725.218,0.65,0.65,0.65,0.9,0.6,0.6,0.8,0.6,334.95,334.95,548.1,548.1,IMMUNE,IMMUNE,IMMUNE,80
20300024,7070,"Rennala, Queen of the Full Moon",3493.512,1.1,1.1,1,1.1,0.2,0.8,0.8,0.8,326.942,326.942,326.942,326.942,IMMUNE,IMMUNE,IMMUNE,-1
49800010,7030,Deathbird (Warmaster's Shack),3442.824,0.9,0.9,1.4,0.65,0.8,0.8,0.6,1.4,IMMUNE,517.356,IMMUNE,IMMUNE,IMMUNE,IMMUNE,IMMUNE,120
42602932,7090,Erdtree Burial Watchdog (Altus Plateau),3419,0.65,0.65,0.9,0.65,0.6,0.6,0.6,0.6,IMMUNE,IMMUNE,IMMUNE,IMMUNE,IMMUNE,IMMUNE,IMMUNE,80
46300912,7020,Runebear,3311.385,1,1.1,1,1,0.7,1.2,1,1,313.39,313.39,512.82,512.82,170.94,IMMUNE,IMMUNE,80
41301030,7080,Demi-Human Queen Gilka,3284.736,1,1.1,1,1,1,1.2,1,1,179.76,179.76,239.68,239.68,239.68,IMMUNE,IMMUNE,80
31501040,7090,Night's Cavalry (Southern Aeonia Swamp Bank),3269.5,0.65,0.65,0.65,0.9,0.6,0.6,0.8,0.6,332.332,332.332,543.816,543.816,IMMUNE,IMMUNE,IMMUNE,80
45000010,7050,Flying Dragon Agheel,3200.967,0.65,0.65,0.65,0.9,0.6,0.6,0.6,0.6,526.176,526.176,526.176,526.176,IMMUNE,IMMUNE,IMMUNE,120
49500010,7030,Tibia Mariner (Limgrave),3176.208,0.9,0.9,1.4,0.65,0.8,0.8,0.6,1.4,IMMUNE,316.162,IMMUNE,IMMUNE,IMMUNE,IMMUNE,IMMUNE,80
48100012,7040,Erdtree Avatar (Limgrave),3163.685,0.9,0.9,1,0.9,0.8,1.4,0.8,0.6,318.78,318.78,IMMUNE,231.84,IMMUNE,IMMUNE,IMMUNE,120
31811032,7090,Red Wolf of the Champion,3162.25,1,1.1,1,1,0.6,0.8,0.8,0.8,332.332,332.332,543.816,543.816,332.332,IMMUNE,IMMUNE,120
34001133,7090,Grave Warden Duelist,3120,1,1.1,1,1,1,1,1,1,241.696,241.696,181.272,241.696,241.696,IMMUNE,IMMUNE,65
34000940,7070,Frenzied Duelist,3079.68,1,1.1,1,1,1,1,1,1,237.776,237.776,178.332,237.776,237.776,IMMUNE,IMMUNE,65
46030930,7080,Stonedigger Troll (Altus Plateau),3050.88,0.65,0.65,0.9,0.65,1,0.8,0.8,1,539.28,329.56,329.56,329.56,42.8,IMMUNE,IMMUNE,45
32510010,7030,Tree Sentinel,2889.72,0.9,0.65,0.9,0.9,0.8,0.6,1,0.6,316.162,316.162,517.356,517.356,316.162,IMMUNE,IMMUNE,80
25001933,7090,Crucible Knight and Crucible Knight Ordovis - Crucible Knight (Altus Plateau),2730,0.65,0.65,0.65,0.65,0.6,0.8,0.8,0.6,543.816,543.816,IMMUNE,543.816,543.816,IMMUNE,IMMUNE,80
25000933,7090,Crucible Knight and Crucible Knight Ordovis - Crucible Knight Ordovis,2730,0.65,0.65,0.65,0.65,0.6,0.8,0.8,0.6,543.816,543.816,IMMUNE,543.816,543.816,IMMUNE,IMMUNE,80
21000830,7100,Black Knife Assassin (Sainted Hero's Grave),2706.893,0.9,0.9,0.9,0.65,0.8,0.8,0.8,0.6,IMMUNE,IMMUNE,IMMUNE,334.95,IMMUNE,IMMUNE,IMMUNE,80
31500020,7080,Night's Cavalry (Gate Town Bridge),2704.128,0.65,0.65,0.65,0.9,0.6,0.6,0.8,0.6,329.56,329.56,539.28,539.28,IMMUNE,IMMUNE,IMMUNE,80
31500020,7080,Night's Cavalry (Bellum Church),2704.128,0.65,0.65,0.65,0.9,0.6,0.6,0.8,0.6,329.56,329.56,539.28,539.28,IMMUNE,IMMUNE,IMMUNE,80
46900008,7060,Grafted Scion,2596.836,1,1.1,1,1,0.8,0.8,0.8,0.8,324.17,324.17,235.76,235.76,235.76,IMMUNE,IMMUNE,80
71000012,7040,Ancient Hero of Zamor (Limgrave),2570.834,0.9,0.9,0.9,1,1,1.2,1.2,1,318.78,318.78,521.64,1121.94,231.84,IMMUNE,IMMUNE,80
42601940,7070,Erdtree Burial Watchdog Duo - Erdtree Burial Watchdog (Scepter),2531.112,0.65,0.65,0.9,0.65,0.6,0.6,0.6,0.6,IMMUNE,IMMUNE,IMMUNE,IMMUNE,IMMUNE,IMMUNE,IMMUNE,80
42600940,7070,Erdtree Burial Watchdog Duo - Erdtree Burial Watchdog (Sword),2531.112,0.65,0.65,0.9,0.65,0.6,0.6,0.6,0.6,IMMUNE,IMMUNE,IMMUNE,IMMUNE,IMMUNE,IMMUNE,IMMUNE,80
31000010,7030,Bell Bearing Hunter (Limgrave),2495.592,0.65,0.65,0.65,0.9,0.6,0.6,0.8,0.6,316.162,316.162,517.356,517.356,316.162,IMMUNE,IMMUNE,80
44800912,7020,Miranda the Blighted Bloom (Limgrave),2483.859,1,1.4,0.65,1,1,1.4,0.6,0.6,1102.97,512.82,512.82,128.205,227.92,IMMUNE,IMMUNE,100
36001933,7090,Onyx Lord (Altus Plateau),2453.75,0.9,0.9,0.9,0.9,0.8,0.8,0.8,0.8,332.332,332.332,332.332,IMMUNE,241.696,IMMUNE,IMMUNE,65
523090010,19353,Patches,2404.05,1,1,1,1,1,1,1.25,1,102.9,102.9,102.9,102.9,IMMUNE,0,IMMUNE,100
42601920,7060,Erdtree Burial Watchdog (Liurnia),2383.832,0.65,0.65,0.9,0.65,0.6,0.6,0.6,0.6,IMMUNE,IMMUNE,IMMUNE,IMMUNE,IMMUNE,IMMUNE,IMMUNE,80
25000941,7080,Misbegotten Warrior and Crucible Knight - Crucible Knight (Caelid),2257.92,0.65,0.65,0.65,0.65,0.6,0.8,0.8,0.6,539.28,539.28,IMMUNE,539.28,539.28,IMMUNE,IMMUNE,80
31811024,7060,Red Wolf of Radagon - Red Wolf of Ragadon,2204.818,1,1.1,1,1,0.6,0.8,0.8,0.8,324.17,324.17,530.46,530.46,324.17,IMMUNE,IMMUNE,120
37040940,7090,Battlemage Hugues,2047.5,1,1,0.9,1,0.6,0.8,0.8,1,181.272,181.272,241.696,241.696,241.696,IMMUNE,IMMUNE,65
36001920,7080,Onyx Lord (Liurnia),2029.44,0.9,0.9,0.9,0.9,0.8,0.8,0.8,0.8,329.56,329.56,329.56,IMMUNE,239.68,IMMUNE,IMMUNE,65
21000930,7080,Black Knife Assassin (Sage's Cave),1964.928,0.9,0.9,0.9,0.65,0.8,0.8,0.8,0.6,IMMUNE,IMMUNE,IMMUNE,329.56,IMMUNE,IMMUNE,IMMUNE,80
31501012,7040,Night's Cavalry (Weeping Penisula),1823.878,0.65,0.65,0.65,0.9,0.6,0.6,0.8,0.6,318.78,318.78,521.64,521.64,IMMUNE,IMMUNE,IMMUNE,80
34600941,7080,Misbegotten Warrior and Crucible Knight - Misbegotten Warrior (Caelid),1784.832,0.9,1,0.9,0.9,0.8,1,0.8,0.8,329.56,329.56,329.56,329.56,329.56,IMMUNE,IMMUNE,80
34600930,7080,Perfumer Tricia and Misbegotten Warrior - Misbegotten Warrior (Altus Plateau),1784.832,0.9,1,0.9,0.9,0.8,1,0.8,0.8,329.56,329.56,329.56,329.56,329.56,IMMUNE,IMMUNE,80
33502940,7070,Putrid Crystalian Trio - Putrid Crystalian (Staff),1679.388,0.9,0.65,0.9,0.65,0.6,0.6,0.6,0.6,1150.666,IMMUNE,IMMUNE,534.996,IMMUNE,IMMUNE,IMMUNE,70
33500940,7070,Putrid Crystalian Trio - Putrid Crystalian (Ringblade),1679.388,0.9,0.65,0.9,0.65,0.6,0.6,0.6,0.6,1150.666,IMMUNE,IMMUNE,534.996,IMMUNE,IMMUNE,IMMUNE,70
33501940,7070,Putrid Crystalian Trio - Putrid Crystalian (Spear),1679.388,0.9,0.65,0.9,0.65,0.6,0.6,0.6,0.6,1150.666,IMMUNE,IMMUNE,534.996,IMMUNE,IMMUNE,IMMUNE,70
39702942,7150,Beastman of Farum Azula Duo - Beastman of Farum Azula (Throwing Knife),1672,1,1.1,1,1,1,1.2,0.8,1,255.36,255.36,351.12,351.12,191.52,IMMUNE,IMMUNE,30
31500010,7030,Night's Cavalry (Agheel Lake North),1665.936,0.65,0.65,0.65,0.9,0.6,0.6,0.8,0.6,316.162,316.162,517.356,517.356,IMMUNE,IMMUNE,IMMUNE,80
21000820,7060,Black Knife Assassin (Liurnia),1656.446,0.9,0.9,0.9,0.65,0.8,0.8,0.8,0.6,IMMUNE,IMMUNE,IMMUNE,324.17,IMMUNE,IMMUNE,IMMUNE,80
35500930,7080,Sanguine Noble,1564.416,1,1.1,1,1,0.8,0.6,0.8,0.8,239.68,239.68,179.76,239.68,329.56,IMMUNE,IMMUNE,65
40200920,7060,Royal Revenant,1538.614,1,1.1,1,1,1,1,1,0.6,324.17,324.17,324.17,324.17,IMMUNE,IMMUNE,IMMUNE,70
43401940,7070,Mad Pumpkin Head Duo - Mad Pumpkin Head (Hammer),1400.292,1,1.1,0.9,1,1,1,1.2,1,237.776,237.776,178.332,178.332,326.942,IMMUNE,IMMUNE,65
43400940,7070,Mad Pumpkin Head Duo - Mad Pumpkin Head (Flail),1400.292,1,1.1,0.9,1,1,1,1.2,1,237.776,237.776,178.332,178.332,326.942,IMMUNE,IMMUNE,65
25000010,7030,Crucible Knight (Limgrave),1391.04,0.65,0.65,0.65,0.65,0.6,0.8,0.8,0.6,517.356,517.356,IMMUNE,517.356,517.356,IMMUNE,IMMUNE,80
42600512,7020,Erdtree Burial Watchdog (Impaler's Catacombs),1347.612,0.65,0.65,0.9,0.65,0.6,0.6,0.6,0.6,IMMUNE,IMMUNE,IMMUNE,IMMUNE,IMMUNE,IMMUNE,IMMUNE,80
46030910,7010,Stonedigger Troll (Limgrave),1295.035,0.65,0.65,0.9,0.65,1,0.8,0.8,1,508.536,310.772,310.772,310.772,40.36,IMMUNE,IMMUNE,45
42600110,7010,Erdtree Burial Watchdog (Stormfoot Catacombs),1200.332,0.65,0.65,0.9,0.65,0.6,0.6,0.6,0.6,IMMUNE,IMMUNE,IMMUNE,IMMUNE,IMMUNE,IMMUNE,IMMUNE,80
48200920,7080,Omenkiller (Liurnia),1153.152,1,1,1,1,0.8,0.6,0.8,0.8,539.28,539.28,239.68,239.68,179.76,IMMUNE,IMMUNE,75
48200930,7080,Omenkiller and Miranda the Blighted Bloom - Omenkiller (Altus Plateau),1153.152,1,1,1,1,0.8,0.6,0.8,0.8,539.28,539.28,239.68,239.68,179.76,IMMUNE,IMMUNE,75
34600913,7030,Leonine Misbegotten,1099.584,0.9,1,0.9,0.9,0.8,1,0.8,0.8,316.162,316.162,316.162,316.162,316.162,IMMUNE,IMMUNE,80
34001110,7010,Grave Warden Duelist (Limgrave),1095.36,1,1.1,1,1,1,1,1,1,226.016,226.016,169.512,226.016,226.016,IMMUNE,IMMUNE,65
38000940,7070,Cleanrot Knight Duo - Cleanrot Knight (Spear),1051.422,0.9,0.65,0.9,1,0.8,1.2,1,0.6,534.996,IMMUNE,326.942,326.942,237.776,IMMUNE,IMMUNE,65
38001940,7070,Cleanrot Knight Duo - Cleanrot Knight (Sickle),1051.422,0.9,0.65,0.9,1,0.8,1.2,1,0.6,534.996,IMMUNE,326.942,326.942,237.776,IMMUNE,IMMUNE,65
38100932,7090,Kindred of Rot Duo - Kindred of Rot #1,1017.25,1,0.9,1,1,1,1.2,1,1,543.816,543.816,181.272,181.272,181.272,IMMUNE,IMMUNE,30
38102932,7090,Kindred of Rot Duo - Kindred of Rot #2,1017.25,1,0.9,1,1,1,1.2,1,1,543.816,543.816,181.272,181.272,181.272,IMMUNE,IMMUNE,30
42900920,7060,Bloodhound Knight,992.508,0.9,0.9,0.9,1,1,1,1.2,1,324.17,324.17,324.17,324.17,235.76,IMMUNE,IMMUNE,65
38000920,7060,Cleanrot Knight,990.242,0.9,0.65,0.9,1,0.8,1.2,1,0.6,IMMUNE,530.46,324.17,324.17,235.76,IMMUNE,IMMUNE,65
33501930,7080,"Crystalian Duo (Altus Plateau) - Crystalian (Spear, Altus Tunnel)",946.176,0.9,0.65,0.9,0.65,0.6,0.6,0.6,0.6,539.28,539.28,IMMUNE,539.28,IMMUNE,IMMUNE,IMMUNE,70
33500930,7080,Crystalian Duo (Altus Plateau) - Crystalian (Ringblade),946.176,0.9,0.65,0.9,0.65,0.6,0.6,0.6,0.6,539.28,539.28,IMMUNE,539.28,IMMUNE,IMMUNE,IMMUNE,70
41402950,7120,"Godskin Apostle, Godskin Noble, and Spiritcaller Snail - Spiritcaller Snail (Spiritcaller Cave)",920.36,1.1,1.4,1.1,1.1,0.6,1,1.2,1,185.64,185.64,185.64,139.23,139.23,IMMUNE,IMMUNE,30
41402920,7060,Spiritcaller Snail (Liurnia),861.08,1.1,1.4,1.1,1.1,0.6,1,1.2,1,176.82,176.82,176.82,132.615,132.615,IMMUNE,IMMUNE,60
21001010,7010,Black Knife Assassin (Limgrave),834.071,0.9,0.9,0.9,0.65,0.8,0.8,0.8,0.6,IMMUNE,IMMUNE,IMMUNE,310.772,IMMUNE,IMMUNE,IMMUNE,80
33001940,7070,Nox Swordstress and Nox Priest - Nox Swordstress,815.634,1,1.1,1,1,0.8,1,1,1.2,326.942,326.942,326.942,326.942,237.776,IMMUNE,IMMUNE,65
33000940,7070,Nox Swordstress and Nox Priest - Nox Priest,815.634,1,1.1,1,1,0.8,1,1,1.2,326.942,326.942,326.942,326.942,237.776,IMMUNE,IMMUNE,65
33500920,7060,Crystalian (Raya Lucaria Crystal Tunnel),797.632,0.9,0.65,0.9,0.65,0.6,0.6,0.6,0.6,530.46,530.46,IMMUNE,530.46,IMMUNE,IMMUNE,IMMUNE,70
33501920,7060,"Crystalian Duo (Liurnia) - Crystalian (Spear, Academy Crystal Cave)",797.632,0.9,0.65,0.9,0.65,0.6,0.6,0.6,0.6,530.46,530.46,IMMUNE,530.46,IMMUNE,IMMUNE,IMMUNE,70
33502920,7060,Crystalian Duo (Liurnia) - Crystalian (Staff),797.632,0.9,0.65,0.9,0.65,0.6,0.6,0.6,0.6,530.46,530.46,IMMUNE,530.46,IMMUNE,IMMUNE,IMMUNE,70
36640040,7070,Cemetery Shade (Caelid),733.83,0.9,0.9,0.9,0.65,1,1,1,1.2,IMMUNE,IMMUNE,IMMUNE,IMMUNE,IMMUNE,IMMUNE,IMMUNE,70
42900010,7030,Bloodhound Knight Darriwill,725.328,0.9,0.9,0.9,1,1,1,1.2,1,316.162,316.162,316.162,316.162,229.936,IMMUNE,IMMUNE,65
39701910,7010,Beastman of Farum Azula,708.561,1,1.1,1,1,1,1.2,0.8,1,226.016,226.016,310.772,310.772,169.512,IMMUNE,IMMUNE,65
36640920,7060,Cemetery Shade (Liurnia),691.13,0.9,0.9,0.9,0.65,1,1,1,1.2,IMMUNE,IMMUNE,IMMUNE,IMMUNE,IMMUNE,IMMUNE,IMMUNE,70
34510912,7020,Scaly Misbegotten,680.211,1,0.9,1,1.1,1,1.2,1,1,227.92,227.92,227.92,227.92,227.92,IMMUNE,IMMUNE,65
43400910,7010,Mad Pumpkin Head,664.062,1,1.1,0.9,1,1,1,1.2,1,226.016,226.016,169.512,169.512,310.772,IMMUNE,IMMUNE,65
41200910,7010,Demi-Human Chief Duo - Demi-Human Chief #1,609.294,1.1,1.4,1.1,1.1,1.2,1.2,1.2,1.2,169.512,169.512,226.016,226.016,169.512,IMMUNE,IMMUNE,65
41200910,7010,Demi-Human Chief Duo - Demi-Human Chief #2,609.294,1.1,1.4,1.1,1.1,1.2,1.2,1.2,1.2,169.512,169.512,226.016,226.016,169.512,IMMUNE,IMMUNE,65
37011930,7080,Perfumer Tricia and Misbegotten Warrior - Perfumer Tricia,494.592,1,1,0.9,1,0.6,0.6,0.6,1,539.28,539.28,179.76,179.76,179.76,IMMUNE,IMMUNE,65
36640012,7020,Cemetery Shade (Limgrave),390.705,0.9,0.9,0.9,0.65,1,1,1,1.2,IMMUNE,IMMUNE,IMMUNE,IMMUNE,IMMUNE,IMMUNE,IMMUNE,70
43113906,7000,Soldier of Godrick,192,1,0.9,1,1.1,1,1,1.2,1,168,168,224,224,224,IMMUNE,IMMUNE,15
46001010,7010,Troll (Enemy),1803.921,1,1.1,1,1,1,1,1,1,226.016,226.016,226.016,310.772,40.36,IMMUNE,IMMUNE,45